como funciona @smart,como
como puedo vincular @dispositivo,como
como se hace @compu,como
como puedo mandar @mono,como
como serán @smart,como
como funciona @compu,como
como funciona @redes,como
cual es @compu mas poderoso,cual
cual es el significado de @smart,cual
cual es la memoria de @compu,cual
diferencia entre @compu y @compu,diferencia
hace cuanto se creo,enque
cuanto tiempo lleva,enque
hace cuanto,enque
en que año se creo @compu,enque
no,no
para que sirve la resolucion @compu,para
por que la dificil comprension @tecnologia,porque
por que tenemos un @redes tan limitado,porque
Por que un @compu se calienta,porque
por que es dificil comprender la @tecnologia,porque
por que se llena la @compu,porque
¿Que benificios hay con una buena velocidad de Internet?,pregesp2
Que equipos pueden ocupar los niños,pregespecial
que es @compu,quees
Que es @arduino,quees
que es @sensores,quees
que es @smart,quees
que es un @formato @compu,quees
que es @redes,quees
que es un @datos,quees
que es @apple,quees
que es @tecnologia,quees
si,si
/start,startTelegram
